call_id,is_machine,reason,user_excerpt
96f3ede3-595b-4e91-82e2-e65fa0ba60d4,False,no_match,yes?
de425615-dba4-4c5c-a862-9f7f86e7b294,False,no_match,yes?
46e8fea6-852e-4000-8fa1-863d8816645d,True,voicemail:'voicemail'~1.00,"voicemail. the person you are trying to reach is not available. at the tone, please record your message. when you have f"
a9f41863-ae22-470a-83ae-11caa7581130,True,voicemail:'voicemail'~1.00,your call forwarded to voicemail. the person you are trying to reach is not available. at the time
d5328256-6929-44ea-8a4a-b3fabb93a796,False,no_match,yes?
73a2af8f-15c0-49a3-8c73-5fbb2424d1a0,False,no_match,who's this?
008951a3-8c03-4a9c-b8d0-343cccdd881e,False,no_match,hello. yes.
f0a1922a-d523-4c03-bcae-7c5fe896aec3,False,no_match,"sorry, it's not a good time. can i speak with leader?"
b97710c1-b97e-41fa-80d5-a41a19442b74,False,no_match,hello. hello ask me. विनीत?
ab6187db-1fae-4963-8084-d66327e83164,False,no_match,can you please call me after sometime? i'm busy right now. around four pm today.
8043b72b-395f-407b-a4e6-84e6edc0b50c,True,voicemail:'the person you are trying to reach is not available'~1.00,the person you are trying to reach is not available at the tone please record your message. when you have finished recor
c486385f-1f30-4969-a32b-0b7f1a5f9104,True,voicemail:'voice mail'~1.00,"your call has been forwarded to voice mail. the person you are trying to reach is not available. at the tone, please rec"
ced7793c-5d53-47ec-a531-ef019ca2131c,True,voicemail:'the person you are trying to reach is not available'~1.00,"the person you are trying to reach is not available. at the town, please record your message. when you have finished rec"
4f525c67-511c-4a1e-b4a5-c177acea77a1,False,no_match,hello
38ab879e-a46c-42a0-aa3a-95e477990df3,False,no_match,hello? yes?
f164c1ba-ef08-45af-9716-6e3e69382f0d,False,no_match,hello. yes hello कुछ ना which plan? which plan?
9e5b1f51-6e92-4b24-9e47-22147c8c51c7,False,no_match,"hello, yeah."
5be2373f-54df-4c66-91fc-f245f16af6ce,False,no_match,hello?
59d3fc0f-0db5-4c47-a6b3-7f76dd74c454,False,no_match,yes?
6d27abf8-3d75-4fb9-a9f1-437b332c69c8,True,voicemail:'voicemail'~1.00,"has been forwarded to voicemail. the person you are trying to reach is not available. at the turn, please record your me"
e4f8a7a5-30a1-4a69-8835-6af749b74d13,False,no_match,hello. hello yeah
15df6c0f-0494-42ee-9d2c-95eea99aaadf,False,no_match,hello? yes? i am speaking on चंद्रा.
bc0070cc-8b1a-41f7-973e-6436874f36e5,False,no_match,hello hello hello
901f8e97-28fd-4ddf-8237-45966fb19a26,False,no_match,yes?
0d6c80bb-6dd1-422d-824a-c126dabf8d15,True,voicemail:'the person you are trying to reach is not available'~1.00,"the person you are trying to reach is not available. at the turn, please record your message. when you have finished rec"
2c36848e-898a-46aa-8af0-253a9ea16b43,False,no_match,"yes, hello? please call me late लो."
ba1036d1-3efc-4db4-89da-7e0dcca5de43,False,no_match,yes
235338bc-d0f5-4dce-a701-48820ccddcaa,False,no_match,yes?
782b3432-31c5-4a74-a3f0-67cedf2256d9,True,voicemail:'voicemail'~1.00,"call has been forwarded to voicemail. the person you are trying to reach is not available. at the turn, please record yo"
f96378e9-4197-483a-8186-b6a6e610cf89,False,no_match,hello?
446f3e8f-d2f1-4412-9014-91a3ee3a400c,False,no_match,hello.
89fa0849-b8dc-4830-8929-4118099d54e4,False,no_match,hello? is प्रिया from am now am i
89d14b35-9024-484a-a5c2-e5fe6c527fdd,False,no_match,hello? hello हां जी.
858f50bb-a6a0-4f59-a77d-b8ffbc52e3df,True,voicemail:'voicemail'~1.00,voicemail. the person you are trying to reach is not available.
dcb22bbc-b9e2-4161-8798-b023a2c36e02,False,no_match,hello. yes.
d493f2ee-7a56-4c64-bbd5-1536c8f5724d,False,no_match,hello. yes hello.
abdc0e83-77af-4630-bfb2-5482ea91bf7b,False,no_match,no.
bda95dbc-600c-47e0-924d-09d0113a8c40,False,no_match,yeah?
483d6830-0ff2-487c-a96c-08bdff99aeae,False,no_match,hello
c8e595ec-0f66-4824-8a71-8a7483d63c9f,False,no_match,hello. you are from where? hello? hello.
bffa3389-921a-475b-9d82-e587f4b79369,True,voicemail:'please record your message'~1.00,"hi you have reached out to शीतल here. please record your message will listen when i will get free. and if required, i wi"
d909d1f6-b299-4017-99a1-9d593a1e3c55,True,voicemail:'voice mail'~1.00,"your call has been forwarded to voice mail. the person you are trying to reach is not available. at the tone, please rec"
48bdbe42-3c89-4b28-88d8-ce7824336b7f,False,no_match,hello? hello. hello hello
14e6360b-97ea-411a-b789-8ff32e4611dc,False,no_match,"yes,"
c0c4c78f-f72f-4912-b525-5cef11efbe66,False,no_match,hello.
4f4143f7-446d-401a-8f9c-13bab3f1eaa4,False,no_match,hello. हां भैया?
01d8cbcd-77bb-47fc-b1f2-e49a203c1724,False,no_match,क्योंकि yes.
bbcdc62e-0908-4f14-bda3-9d8df6ec46f0,True,voicemail:'voicemail'~1.00,"your call has been forwarded to voicemail. the person you are trying to reach is not available. at the turn, please reco"
38481e37-cd36-45b6-aab5-43714c8f3486,False,no_match,"yes,"
ff0f2d89-dbaf-480c-9fa6-d6a662097c53,False,no_match,hello?
fd0eb4aa-a80e-47ec-a8a1-d3b45b728253,False,no_match,paper है बंद हो गया उसकी वजह?
03476835-91b8-4f21-8e98-03e9f6ca11c8,False,no_match,this call is now being recorded.
0dfa95c9-6373-4e71-999f-94e0c4c92010,False,no_match,hello.
8316359d-b10d-4a8e-8c4b-62569340aab0,True,voicemail:'voicemail'~1.00,"voicemail. the person you are trying to reach is not available. at the turn, please record your message. when you have f"
62fc1bf4-a6ef-4a5f-b2a5-10b858bbe91f,False,no_match,no.
f0cc2044-f767-4fe1-8f65-004d95e3ac3d,False,no_match,hello भाभी?
ba364920-cf03-4672-93bd-8b668f8422eb,True,voicemail:'voice mail'~1.00,"your call has been forwarded to voice mail. the person you are trying to reach is not available. at the tone, please rec"
6841e5ba-810e-4643-b803-42f74e85e3bf,False,no_match,yes?
2934ee6a-0c3d-4905-992c-18933d0ad667,False,no_match,hello
b7331c26-59f6-46c0-98e7-c90d22712547,False,no_match,hello? yes.
63fc4300-2fc5-4dc9-ba01-257bc660e2f5,False,no_match,"now,"
0fdcb928-eddd-4af4-ab13-cc84cf7a2afb,True,voicemail:'the person you are trying to reach is not available'~1.00,"your call has been forwarded to the person you are trying to reach is not available. at the tone, please record your mes"
abafff5f-8274-48c2-a575-da6cb4fa1dff,False,no_match,who is this?
be742b73-062d-4ae9-bc99-60f8a761e2dc,False,no_match,yes?
8a78559f-1d06-40cc-9500-b619956239ca,False,no_match,"yes,"
7c5282db-94ef-49d8-8aec-22bf86a806d7,False,no_match,no.
bdd9ef81-dcf2-4d45-a8cd-9e47e739b84c,False,no_match,"yeah, hello."
096bfde3-5d08-4e6a-80c0-d807d444ec83,False,no_match,yes?
410bb74a-ca2c-41fb-948e-09af0747d66d,False,no_match,hello?
9ce2b726-1d55-4fb2-8b29-9c982f1b4f3e,True,voicemail:'voice mail'~1.00,your call for voice mail. the person you are trying to reach is not available at the tone please record your message. wh
c067642e-9fc3-4b2e-bfa4-0f7dc0496781,False,no_match,hello.
9385b1e8-114b-4d99-9251-812d06ff1d20,False,no_match,"hello, nova,"
5487ed9d-adbb-4412-a335-8d078ac7e838,False,no_match,"yes,"
669d55f5-691e-478d-ba81-b4df0ffab232,False,no_match,hello? hello yes.
301a354e-2a10-4fd1-a76f-1c7818deb63e,True,voicemail:'voicemail'~1.00,"your call is forwarded to voicemail. the person you are trying to reach is not available. at the tone, please record you"
ccb4847f-ea69-491c-b6ce-79f72a6fa4f3,False,no_match,hello
abd77028-2b6c-440d-a48b-60fad929ecec,False,no_match,hello. hello
c74bf04d-4917-4102-aad4-6dd373c1dfd6,False,no_match,hello?
1f88bccf-f6cf-41fd-bd78-7c7a5a6f77b2,False,no_match,hello?
1b535152-b95c-4462-a54d-0cbd3639143b,False,no_match,hello.
e4494adc-682e-44b6-a2c6-30351a0bcba6,True,voicemail:'voicemail'~1.00,"your call has been forwarded to voicemail. the person you are trying to reach is not available. at the turn, please reco"
73d9cd86-0dc8-4042-add1-8cff30a0e993,False,no_match,बताओ. hello. hello पता नहीं कोई south indian में ही बात कर रहा था. बच्चा था शायद. hello? शायद
130d73e9-f383-4ca4-82c9-165b102a2fac,False,no_match,"yes,"
f3c2364b-d5af-49ca-8109-4500eee28bfa,False,no_match,no.
2286acc6-f055-4cfd-aa9b-176cdbf3a8bb,False,no_match,yes speaking.
0004a2b3-6976-4061-87e3-8c70b0db3ed9,False,no_match,"yes,"
0c5732bf-677a-4c13-af48-200f1bc066c7,False,no_match,"हां जी,"
1ac60ccf-91bd-4ac9-8a11-204a6ffdbc49,False,no_match,yes?
3b9b0736-495a-4c47-999b-7dc445ad28fc,False,no_match,"उड़ान who is this? yes yes,"
ff72843e-a2b1-461a-a2cd-f746afd1176d,True,voicemail:'voice mail'~1.00,"your call has forwarded to voice mail. the person you are trying to reach is not available at the tone, please record yo"
980b53ff-4489-46e5-9e8a-abc1c79b6654,True,voicemail:'voicemail'~1.00,"your call has been forwarded to voicemail. the person you are trying to reach is not available. at the turn, please reco"
00590ae3-14aa-48bb-a138-3f739e899f91,True,voicemail:'voicemail'~1.00,"your call has been forwarded to voicemail. the person you are trying to reach is not available. at the turn, please reco"
690c40a0-4014-4ed4-9cb9-15af6131a8ed,False,no_match,"hello. yes? yes, tell me."
9e049ecc-fdf6-419f-819b-07643ef4b459,False,no_match,hello. hello
ce7beb64-448a-49ad-b571-45623f65b72f,False,no_match,"hello. yes, speaking."
a36a2f5e-43a6-4ce0-9543-86a60802f3cf,False,no_match,hello. hello
35047722-dd10-4261-8f50-c552ee766fca,False,no_match,hello.
0bd4deb0-c186-4e23-9733-411f69723a38,True,voicemail:'voice mail'~1.00,"voice mail. the person you are trying to reach is not available. at the town, please record your message. when you have "
2d96414e-8d18-49d2-bfc2-94028eb7fedc,False,no_match,"yes,"
c061ebf0-fe79-4c3d-9c61-ba673634d7d0,True,voicemail:'voicemail'~1.00,"your call voicemail. the person you are trying to reach is not available. at the turn, please record your message. when "
50362895-b6f4-4c20-8567-cff859c9151c,False,no_match,yes
d0b8b726-e589-4392-9fdf-0406b7aa9f34,True,voicemail:'the person you are trying to reach is not available'~1.00,"the person you are trying to reach is not available. at the turn, please record your message. when you have finished rec"
0fbe8757-9f99-49e7-8b88-8deb7ddff4fa,False,no_match,yes चूहा?
b705569a-7702-47a0-be84-c1d91e3aaf4c,False,no_match,hello.
d711e822-8f44-4745-a2fa-e959f456934a,True,voicemail:'voicemail'~1.00,your call has been forwarded to voicemail. the person you are trying to reach is not available. at the tone please recor
f74641cf-cf9f-47a6-a261-905daf4da1a4,False,no_match,hello. yes.
dec8d9d8-8291-49d9-9d09-4e722fa064b8,False,no_match,yes?
b53edf19-903e-4935-88d1-99e4a89b97cd,False,no_match,"अरे कई बात है,"
3d90c772-3863-429a-b507-ea5dd59959b7,True,voicemail:'voicemail'~1.00,"your call has been forwarded to voicemail. the person you are trying to reach is not available. at the turn, please reco"
2ca8edff-f31e-405e-a543-a7bfd9e81aa8,True,voicemail:'voice mail'~1.00,"your call has been forwarded to voice mail. the person you are trying to reach is not available. at the tone, please rec"
13831e33-6be0-40fa-afbe-2042a19f271a,False,no_match,"yes,"
957abd0c-f905-4a24-93f0-bf7b031b3fb7,False,no_match,hello.
547e1ef2-174d-45b4-afc0-3cffa6abbd91,False,no_match,hello? not now.
177bb7e2-45ef-4f97-bdf8-305d879e3ea0,False,no_match,hello? yeah?
6315efb1-301b-405e-ab9e-243401adb7e5,False,no_match,hello. yes.
d62392cf-92cc-4204-ab15-eed6379cfaf7,False,no_match,"hello? yes,"
13c788e6-1039-4ad6-af02-53a296ee9c32,False,no_match,"yes? i am not able to speak right now, i am in a meet. i will respond देता thank you."
5d3ddf7a-0b95-4b2d-b754-eac10568b2cb,True,voicemail:'voicemail'~1.00,"your call has been forwarded to voicemail. the person you are trying to reach is not available. at the turn, please reco"
1019c4f7-0cce-43f2-854a-725d698942ed,False,no_match,hello. yes you are but i am not interested to join now you know so please don't ask me. thank you.
9345dd7d-2399-49e5-ba0c-3913b43ff7e1,False,no_match,hello
4e641ce8-3e25-4ef8-90c8-6671f2ca86c3,False,no_match,"yes,"
0359d063-b615-4186-abb8-50a7263c5245,False,no_match,hello. क्या?
61e593c4-85cd-4c7f-a0b4-232ea96ebc3b,False,no_match,yes?
7fdc2ef0-3157-4c4f-993f-c1c3d054ab40,False,no_match,hello hello
98f31cd7-703d-4d25-b2b8-2fff53ca79b9,False,no_match,yes?
2e155728-9bb0-4248-952d-406088851494,False,no_match,hello गर्मी तोल होगा but यह बहुत पुराना अब बहन है ना बहुत तुमने. hello?
36ccbe1a-1b2d-489f-85d2-d36718a484a3,False,no_match,hello?
345f23ee-67e9-48c2-b00b-d766268d2706,False,no_match,hello hello hello no.
254598c8-5909-4d5a-827c-396377d320ee,True,voicemail:'voicemail'~1.00,your call has been forwarded to voicemail. the person you are trying to reach is not available. at the time? please reco
8dd5a63a-9d0e-44e7-9975-ea4909bc14b9,True,voicemail:'your call has been forwarded to voicemail'~0.78,call has been forwarded to
f82516ec-1af5-433a-911b-1833da39f126,False,no_match,"hello, hello."
47a871e8-30ee-46a3-856b-003a20643bbd,False,no_match,yes?
2045cd30-63f2-4c9a-95e4-bc6f3f1de716,False,no_match,hello. hello
b53e7482-827c-4307-9b6f-8baf3f8a5be9,True,voicemail:'voicemail'~1.00,your call has been forwarded to voicemail. the person you are trying to reach is not available. at the time? please reco
cb485fcd-1e0f-4f15-993b-eee83cbd0fef,False,no_match,yes?
2f2a1ed6-4873-422e-b081-b37acee3fdf8,False,no_match,"yeah, yeah,"
307225fc-73ec-4a37-839d-4d1698058a13,False,no_match,yes? say something
be67616d-d2c5-417c-a1cc-fd66f609c3df,False,no_match,hi if you record your name and reason for calling. i'll see if this person is available.
93e6aa60-5ed7-40aa-80df-b5ed60d76bc5,False,no_match,yes?
906e836a-f752-4f44-82af-866a0b4e93ce,False,no_match,hello. yes.
5bcb28b1-910c-4dd1-9a38-3c060643602b,False,no_match,yes.
91440276-4e2f-47cc-8fc9-f9df0d454b1b,True,voicemail:'voicemail'~1.00,"your call forwarded to voicemail. the person you are trying to reach is not available. at the tone, please record your m"
933b1b7f-bb66-416a-aeff-c92569fa8721,False,no_match,yes? not comfortable with this thank you.
bd93493b-00d6-4186-98a6-a1dae6d52f7d,True,voicemail:'when you have finished recording'~1.00,your message. when you have finished recording do
ac81ae65-7c91-4386-b93c-77263bf88166,False,no_match,देखिए.
6282794a-7e9c-40d0-ace9-01ce479ea0b5,False,no_match,yes?
b63486c4-17ea-4ffa-94de-f72e0ab31fbf,False,no_match,hello
fa0531f3-0047-44a2-8e60-72b3c3d267be,False,no_match,hello?
4e42cda1-566b-4e6b-9928-f82a084a68ab,False,no_match,yes so this what is this regarding?
65352275-3cd2-4822-ba9f-a3e8b7be49b3,False,no_match,hello.
0ccb8f3f-c615-452b-afa4-c6c4c58da858,False,no_match,yes.
d21f18a0-d5e6-41b2-9a15-b446f627b17c,False,no_match,hello. right.
7238cc2c-b60d-44e6-b445-164e982a6a6b,False,no_match,this is his mother? hello hello?
df2f88bd-fa3b-45ec-8d46-ad369914fa1f,False,no_match,availability क्या है?
d298d551-8d0c-4e17-a159-ef0778bee313,True,voicemail:'voicemail'~1.00,"your call has been forwarded to voicemail. the person you are trying to reach is not available. at the tone, please reco"
984cfd64-60e5-4647-8af7-cbf86267b6e0,False,no_match,hello? who is this?
c0fabde8-9a90-4f9b-9420-bc4d62df1a6f,False,no_match,hello?
7dac0368-5e1f-4a0a-9aa8-57b07bbf72b4,False,no_match,हां sir? yes elevator ना हो automatic corner.
9acbeda4-46e7-4b9e-814a-48b1f834fe73,True,voicemail:'voicemail'~1.00,to voicemail. the person you are trying to reach is not available. at the tone. please record your message. when you hav
34488860-1ef6-4500-8085-a8137bb84265,True,voicemail:'voice mail'~1.00,your call has been forwarded voice mail. the person you are trying to reach is not available at the tone please record y
191750f2-809e-423d-bb58-03f9bfb0a353,False,no_match,hello?
48bba91f-d605-420b-98a7-3028b32cbcc6,False,no_match,हां see
389790bf-4f03-45cb-82f7-19262ffec188,False,no_match,"hello, no, i am not संदीप प्रावट, don't call me back."
5fe21ba4-bf27-43cf-afe9-93eee6ecd287,True,voicemail:'voicemail'~1.00,"voicemail. the person you are trying to reach is not available. at the turn, please record your message. when you have f"
4896650b-e7bb-45a2-a2e6-abdce26f1d74,False,no_match,"yes,"
cd847fed-ab63-4fe6-92a1-b696d0fdd3f5,False,no_match,yes?
71ab15a4-f051-40a0-86dc-ceecb30bfa31,False,no_match,regarding
75ec254e-9600-41c6-95a6-861f883fc197,False,no_match,yes? reason?
ebac55f3-a863-4544-af5f-1855dc12a2ef,False,no_match,"hello no, you are not sitting with संगीता खाली."
ba37f1ea-e132-49fd-9299-31b5b4f5099f,False,no_match,yes? यह बोल के पैसे देने बोल रहे हो by lakh
ef7ea434-5780-43d8-89e9-a85c80243211,False,no_match,hello.
767787c6-4f86-485e-b348-2c7461758324,False,no_match,"yes,"
fed7b4ca-6011-4bad-a135-ae5b8662b329,True,voicemail:'voicemail'~1.00,your call has been forwarded to voicemail. the person you are trying to
553a8649-5f87-4773-a1e8-de622edcf49b,False,no_match,hello?
22cd84b4-3817-4138-857a-6d617fad8f3b,False,no_match,हां बोलिए. मैं बोलूं
a36769a1-6ca9-4c68-b562-5702094c4cbb,False,no_match,hello? hello yeah who is this?
0bf33d4f-2e85-424d-a7ce-54e167f69a8d,False,no_match,hello?
ddbd7776-28ba-4e60-a436-91cc5c68e576,False,no_match,this call is now being recorded.
13e3ecc3-a200-452d-99be-b9382c0ecc65,False,no_match,hello. hello.
3dc7e482-42b4-46c9-9b26-6a733f7527f5,False,no_match,hello?
b66ae624-1f3a-4b29-85c6-8e9133672657,False,no_match,"yes? hello, yes?"
56f344a8-b25e-4197-a5ef-9f34c0b917af,False,no_match,hello. yes?
86dfae6d-f507-4bff-8020-5c8ff51f786e,False,no_match,your call
6c7c1124-ac3e-4d35-94c3-c63c33ef5fb5,True,voicemail:'voicemail'~1.00,"your code has been forwarded to voicemail. the person you are trying to reach is not available. at the tone, please reco"
01f50e4e-779a-41cd-adb5-9d38eb9b6708,True,voicemail:'voicemail'~1.00,your call has been forwarded to voicemail. the person you are trying to reach is not available. at the tone. please reco
289e6064-1999-4662-a4b8-2660418cb104,False,no_match,hello.
189babdf-54fe-4875-94ed-3dc2e75f1880,True,voicemail:'the person you are trying to reach is not available'~1.00,your call has been provided the person you are trying to reach is not available. at the tone.
745e797d-7c14-4c64-b016-f13d6fda7e08,False,no_match,hello
e81ed8ac-08b7-4b53-bf1d-64b46b9cd218,False,no_match,hello? yes?
be4498c8-69c6-4dff-82a5-67bca5a771c6,False,no_match,"hello. yeah, this side सौरव अनिल."
32e13970-b29b-460a-9edb-7bf34b0a03eb,False,no_match,hello? yes.
8f53bdf4-e019-415b-9804-95597e9c258b,False,no_match,hello. yeah.
49f0a5fa-40d7-484d-9b14-abdfc4055aa5,False,no_match,hello.
8348ef94-d1c1-4b32-b7b8-8a9a411e3af5,True,voicemail:'the person you are trying to reach is not available'~1.00,the person you are trying to reach is not available. at the turn? please record your message. when you have finished rec
a01a8429-2b32-42c3-806c-62dcfad2532e,True,voicemail:'please leave a message'~1.00,"hey thanks for calling, i am not available right now. please leave me a message. i'll get back to you as soon as possibl"
06089895-2a8d-466f-97e4-c9a243be1e3a,False,no_match,yes?
f038aeef-1b16-454a-b946-95563d7f4240,False,no_match,hello? hello.
b336336c-efe8-4288-9b11-8951ec882050,True,voicemail:'voicemail'~1.00,"your call has been forwarded to voicemail. the person you are trying to reach is not available. at the tone, please reco"
1d745a28-0417-4ea1-8d8e-5ff34222ba4a,False,no_match,hello? top number.
40b46bfe-dfe8-4dc5-a0f8-735f69ad817b,False,no_match,hello? hello.
5fe2fd15-65fe-4253-959d-1229c16818c1,False,no_match,yes?
a64adf2c-9087-4d17-a819-35710a73bb1c,True,voicemail:'voicemail'~1.00,your call has been forwarded to voicemail. the
0569f190-b9cd-409c-8e65-3347a9c566a6,False,no_match,"hello? yes,"
17655a99-d8a2-4a7a-b325-e0c554006fd7,False,no_match,"yes, the person you are speaking with has put your call on hold. please stay on the line."
9780f477-d689-4ff2-a353-401d25a8e3ba,False,no_match,थोड़ी देर hello?
7a876996-9bf5-4e80-9a66-8591e83f81d0,True,voicemail:'voicemail'~1.00,your call has been forwarded to voicemail. the person you are trying to reach is not available. at the tone. please reco
1ea42bf5-d5f8-4040-a471-8cc9ed470d30,True,voicemail:'voicemail'~1.00,your call has been forwarded to voicemail. the person you are trying to reach is not available. hello. hello.
6bcab0c4-0615-4c43-8a68-0dfdf51f33e0,False,no_match,the person you are speaking with has put your call on hold. please stay on the line.
06c5d9f2-53a7-4bc0-8e0b-61bee5d80888,False,no_match,who is this?
a6921a6a-169a-426c-8ace-382934a87c85,False,no_match,हम क्या बोल रहे हैं कि जरा बताना मेरे को
dfc0ba8f-7c93-4add-bef8-9ee82138bec4,True,voicemail:'person you are trying to reach is not available'~1.00,person you are trying to reach is not available. at the turn? hello.
ab865b2a-d5c1-408a-8e5f-f8b51abdaf80,False,no_match,hello.
58e9780b-506e-47e6-8f85-7d3e348185ba,False,no_match,yes?
2c06bf40-5543-41e9-bf8d-0264065ce8b1,False,no_match,hello? hello hello yes? yeah yeah.
258312c1-136f-44c9-8065-0e2b13489191,False,no_match,hello yes ma'am?
7fc6110d-ac95-4afe-8fc5-53da4323e5e6,True,voicemail:'voice mail'~1.00,your call has been forwarded in voice mail. the person you are trying to reach is not available at the town please recor
cce4abeb-6661-48ba-b392-cc8e154d944d,False,no_match,hello. yes?
2986c254-2af1-4139-810f-72fdbc0c9aeb,False,no_match,yes
dfaf4f34-0514-42c4-9eb5-b041fea04cb9,False,no_match,hello.
8d86bc30-ae10-49e2-8b3e-e54a51a14bde,False,no_match,hello
403f398b-b97a-4882-aed2-c0905a99de36,True,voicemail:'the person you are trying to reach is not available'~1.00,the person you are trying to reach is not available. at the turn? please record your message. when you have finished rec
673bbbf6-2f09-4eea-8a7e-707ec9480363,False,no_match,अच्छा शरीर how how do you want it sorry?
70cab006-818c-4fc9-a5d4-5ab15e8df823,False,no_match,yes?
df817dfb-d78e-4261-ba02-7f0db698bcd0,False,no_match,yes?
dc9ea35e-fa56-40c4-8484-1f8b63854b5b,False,no_match,hello? no.
95e51a6d-c440-42f6-8df5-07b62dd5fd6c,False,no_match,"yes,"
da26ff46-c141-4c59-800c-7d43b0af1399,False,no_match,hello? या
16c48c8b-3433-4b4b-a952-ecc6097f61fe,False,no_match,hello? hello hello. नहीं नहीं
41d8a6c4-91e3-4879-a469-b2dfeb287d6c,False,no_match,hello.
ee5fdf66-ec10-4fd6-bbbf-89f961604484,False,no_match,"yes? hello you can hear me, right?"
a6d55c15-b5e1-4ee8-982e-b7ce73429937,True,voicemail:'voice mail'~1.00,"your call has been forwarded to voice mail. the person you are trying to reach is not available. at the tone, please rec"
f8d43adc-3e81-4c17-a241-fda3ca20022c,False,no_match,hello. yes?
e7856b72-3f8e-4e90-9657-6ef17b58851d,True,voicemail:'please leave a message'~0.75,hi this is आशीष भारद्वाज i'm not available right now. kindly leave a message after the week. thank you.
d89cd45b-493f-441e-a922-74042949ae30,False,no_match,hello?
baab5b37-dc42-45e0-8488-c4e89c80ac13,False,no_match,hello?
e1d0e93c-f939-4078-9d2a-6b9d0dd6870b,False,no_match,hello. hello who is this?
5de21b7b-43d8-44fe-8e8e-ea20633f2baf,False,no_match,hello.
73420adb-3313-4000-9ab5-4c065e00c255,False,no_match,hello.
8d802985-44db-4b4f-b259-3c20295bde75,True,voicemail:'voicemail'~1.00,is to voicemail. the person you are trying to reach is not available. at the turn? please record your message. you have 
819e19ef-1499-4f74-af73-a2e76c09b7bd,True,voicemail:'voicemail'~1.00,call has been forwarded to voicemail. the person you are trying to reach is not available. at the turn? please record yo
ff4368d0-622d-4163-ba1d-6c9b646255ee,True,voicemail:'voicemail'~1.00,"forward forwarded to voicemail. the person you are trying to reach is not available. at the turn, please record your mes"
8f630007-1f05-4fbc-80f2-02fcb3bee0b8,False,no_match,hello
4f9a448b-18cb-409e-affd-366e0d23da38,False,no_match,"hello? hello,"
d89d0e54-e2d6-4305-b82e-74d88bb5954a,False,no_match,yes?
c36511a9-01dd-47c5-bca1-b5c97adf85a9,False,no_match,hello. yes ma'am i am little busy right now i can't talk. i have some work to do thank you so much.
0cdf4083-7012-41fa-ac78-9bdd4f8b346a,False,no_match,hello.
21eb9464-9cb4-471c-b0e5-23324bbb0714,False,no_match,hello?
b7302d6d-054e-4d2f-b82c-831b24c210e2,False,no_match,yes? yes speaking tell me
52f84331-8c76-48f1-a114-bdfea198c7e0,False,no_match,hello?
e7f677e1-17d2-48d5-958e-cb66e90ff665,False,no_match,yes?
bde94d6a-0164-4e81-906a-45932a2f3a10,False,no_match,"yeah, what is this regarding? sorry not in position to pick up the call."
649f35bc-b5be-4ac7-a934-13092d10b740,True,voicemail:'voicemail'~1.00,"voicemail. the person you are trying to reach is not available. at the turn, please record your message. when you have f"
8bbdb215-d4cc-49ec-ac65-6c3a2c1d4bb8,False,no_match,"hi. कमाल from here. i can check your call right now. ठीक है, one minute please. i'll get back to you asat. thank you."
86c3b5a1-0988-4790-8301-c08f6060e170,False,no_match,yes?
23ee9e8b-f554-4d93-8a74-4846ac80db16,True,voicemail:'voicemail'~1.00,your call is forwarded to voicemail. the person you are trying to reach is not available. at the tone. please record you
808e5f4d-8b21-4e0d-8752-46eb9d831be4,False,no_match,"yes, yes"
d68f27a3-63d0-401a-99d2-6ff6c28724ad,False,no_match,what's this regarding?
971f80dc-1601-41da-a9f7-61087892aeb2,False,no_match,हां क्या काम है?
b4458b3f-3ed8-4aee-9867-c7fa62a62b17,False,no_match,hello.
95dc969b-4fc0-405e-bafe-14f0b9fc03e0,False,no_match,तो no. बिल्कुल लाई.
e413f878-9004-4ca7-8735-9e42f4662b31,False,no_match,hello. yes?
3f633700-fc19-4c61-9a23-04b0811d178e,False,no_match,hello. hello yes.
bc349720-efd5-4e5d-8f22-0d88c2069796,False,no_match,"hello? hello? yes,"
31a4961a-0bcb-4f04-a7c0-7d97417b97ef,False,no_match,बोलिए.
76fc2195-55cf-4c11-ae4d-76005a6dbbcf,False,no_match,hello.
04a95cdc-fc3f-4c6c-9699-90a066d56fd1,False,no_match,hello elevate कौन है? काट दूं? बिल्कुल.
98f1b241-0654-4b0c-8d22-57b25a1c8cd6,False,no_match,yes?
64ba2b8f-25b6-4050-82e3-34e0fc5e5d08,False,no_match,no.
688940c9-bd70-4635-b5a6-196557b5e7b0,False,no_match,"hello? yes? yes, you are speaking in विशिता."
0db5e13d-5f50-4c35-8c0e-805c5d8e07a4,False,no_match,hello.
8750606e-a97b-4230-9dac-4a6291917faf,False,no_match,yes
157b9eaa-7831-426b-989a-e8a68b1f38e7,False,no_match,वह
55a8df43-1126-4a95-94b9-fcd0c6997ad1,True,voicemail:'the person you are trying to reach is not available'~1.00,the person you are trying to reach is not available. at the time? please record your message. when you have finished rec
4251961f-414a-449b-bc69-de32143a70c8,False,no_match,hello?
664dcc44-79b9-40fc-b5c5-5a2d4bf95fae,False,no_match,yes?
621ad018-2d31-40a3-a853-4be000b555ce,False,no_match,hello yes
f5600a4a-d9c1-49db-b136-37dfca8f9659,False,no_match,hello. yes?
d1ce29dd-11fd-4b06-8afb-39993c8c78e8,True,voicemail:'voice mail'~1.00,call has been forwarded to voice mail. the person you are trying to reach is
1b5c56e2-6fd1-4f62-b213-73288c11d45b,True,voicemail:'voicemail'~1.00,call voicemail. the person you are trying to reach is not available. at the tone please record your message. when you ha
a6136195-dc6e-4e54-8f22-daede6de0921,False,no_match,hello.
2f3983c9-1cf1-4da7-8f4b-b39a431f2a5b,True,voicemail:'voicemail'~1.00,"voicemail? the person you are trying to reach is not available. at the turn, please record your message. when you have f"
77253e6e-a919-4268-9b3b-aa7924ab3136,False,no_match,yes
11c9eebd-d2db-4bb0-8998-fa064740839e,False,no_match,hello?
99567b93-646f-4a14-982b-dac1a512e562,False,no_match,"yes,"
5ecdd16a-affa-4560-be93-713505c0d1d1,False,no_match,hello? समय?
23196a1a-dfd9-44f4-a355-b05f74a66832,True,voicemail:'voicemail'~1.00,"your call has been forwarded to voicemail. the person you are trying to reach is not available. at the turn, please reco"
09c8ad2a-67e5-4c22-aeb7-6ab823d90135,False,no_match,yes.
98325301-9afb-4d11-9780-eb5af3cf8965,True,voicemail:'voicemail'~1.00,"call has been forwarded to voicemail. the person you are trying to reach is not available. at the turn, please record yo"
32ae13da-1bd3-4813-9993-abc0ef0ccb8e,False,no_match,yes yes?
2ea1fdbd-4f1a-4bd6-b66b-94962ca0e6f8,False,no_match,yes? yes?
c3cd8062-29d7-45ee-ad93-744919501fb6,True,voicemail:'the person you are trying to reach is not available'~1.00,the person you are trying to reach is not available. at the turn? please record your message. when you have finished rec
c77723fe-0cf5-46e1-be3d-1c5bb710e4e0,False,no_match,"hello? who's this? yeah, yes yes."
f889d128-f3ee-44dc-9cab-33e5095fb1c9,False,no_match,"hello. yes,"
df460bd7-443e-419c-a343-6f92761086a0,False,no_match,"अरे no यार, profit. hi good call."
355b75f2-47f7-44a9-9338-b0a0c28a345d,False,no_match,"please call me later. seven pm,"
abf222fe-55a4-49a9-b671-f036396d2cde,False,no_match,f.
1f1d4cbe-f5bd-4f2f-95d2-8dfe41667d89,False,no_match,hello
1612c15d-5a3b-428a-9c61-13f6edb9a33f,False,no_match,hello. ठीक तो ले लूं?
08d4f8fb-35da-4878-8e98-2bfbe68d3912,False,no_match,yes.
acc6aa97-b7ab-4fe8-bf9d-3f10dc81c10f,False,no_match,yes? yes i am there.
876384e8-7df2-4601-87af-fb1830bf7ac9,False,no_match,hello.
b2b44295-cf9a-4257-bd96-9be8b8eb611f,False,no_match,hello? no.
79632992-936f-4e26-8b4d-b41c8050e212,False,no_match,hello? yes
ecbb29a5-cd40-4ef3-a8a2-c3b452bc2ae0,False,no_match,"yes, yes?"
fa2b38eb-e585-44fc-9e4a-449c7345856d,False,no_match,hello. hello
623999e3-9660-4f9d-b83a-2e35aa99faf1,False,no_match,hello? hello
1ddd5dde-334d-4351-8f27-c8aec2be03e8,True,voicemail:'voicemail'~1.00,"your call has been forwarded to voicemail. the person you are trying to reach is not available. at the turn, please reco"
3e43add1-b119-4d3f-8404-82d5f12abaa6,False,no_match,"hello? yes,"
77e091ae-fca2-4588-936e-3befa32b5b12,True,voicemail:'voicemail'~1.00,your call has been forwarded to voicemail. the person you are trying to reach is not available. at the tone. please reco
5a944c7f-6051-4ccc-bf04-4384cd2d6ed7,False,no_match,no.
5633e839-2b4f-4d8f-ab3e-08d3d3be0c28,False,no_match,"yes,"
f2e19776-591f-4470-bef6-8a79f3ab9e07,True,voicemail:'please leave a message'~1.00,hi sorry i am not able to take your call right now. please leave your message and i will get back as soon as possible. t
f66214fe-44aa-44e3-a1b3-242fb8331013,False,no_match,अच्छा
39271989-d6d1-4820-b167-85ca3a33892c,False,no_match,get?
3cfb50f2-7c90-491f-b22d-4e5bd91d92d3,False,no_match,hello
e3f176df-4dfc-424b-8ce1-33ed171a1fc5,True,voicemail:'voice mail'~1.00,"your call is forwarding to voice mail. the person you are trying to reach is not available. at the tone, please record y"
38395f53-98df-4b5d-ac29-2f9d5dea7678,False,no_match,hello.
764eeca8-81d9-400a-b4aa-59e2f3b8049d,False,no_match,less
36e98edf-d514-4d82-b13e-795f010c7ca1,False,no_match,hello
9fb82f04-063c-4e71-823a-913653f8bc9f,False,no_match,yes.
d86435f2-b2d3-4920-9780-ac5ba0f42bd6,False,no_match,yes?
5ffe86fc-074c-477d-9ebc-cce05686ae2f,False,no_match,yes? hello?
ccb8e9a5-c236-454c-9d9b-be3fced4b858,False,no_match,no.
08d5d265-b928-4dfa-adf0-6ebfb5a9dc29,False,no_match,hello? क्या?
f8151c83-db2a-44d0-b221-76c7a5fdb3e6,False,no_match,hello. yes?
cb484907-b6ca-464e-9c7a-38ac9fdc5b07,False,no_match,hello. क्या? sorry i am little busy now we will take later.
a363f95a-3878-44ba-be35-a2f2799cf619,True,voicemail:'voicemail'~1.00,your call has been forwarded to voicemail. the person you are trying to reach is not available. at the tone. please reco
99f5e8d5-9d54-4381-911f-8401572b0bb0,False,no_match,no no not speaking to अनीता.
c9787556-f179-4d00-bee6-a3274d72833a,True,voicemail:'voicemail'~1.00,"your call has been forwarded to voicemail. the person you are trying to reach is not available. at the turn, please reco"
ea96e609-2da4-4744-99ee-599394721cd7,False,no_match,"yes, मान लिया?"
ad4037ae-e7be-457c-b76c-e882ab6e37c5,True,voicemail:'voicemail'~1.00,the call has been forwarded to voicemail. first thing is trying to reach
bd156287-e936-461f-961b-df920ca45e48,True,voicemail:'the person you are trying to reach is not available'~1.00,the person you are trying to reach is not available. at the tone. please record your message. when you have finished rec
db3d111b-35b1-4e1b-866c-6584cf961e79,False,no_match,now no. no no no no no
015fac7d-1fd2-45a3-ae71-9d2fd243877f,False,no_match,हां बोलें.
7a6ffa06-c71f-46e0-adf9-2f103118c895,False,no_match,hello
608ddc97-6bf6-4378-9337-c2d1016024c4,False,no_match,hello?
027c6ede-878c-47aa-a1f5-5e9552e44cf8,False,no_match,hello?
d0291663-4dba-4c16-a01a-811718b1d53e,False,no_match,"अरे,"
198471b4-a7ec-4a08-b11f-525ed9b3dece,False,no_match,hello? फिर पराठा बनाते कर लिया.
86802d5a-226d-4569-a3d4-d32f444cc4cd,True,voicemail:'voicemail'~1.00,"your call has been forwarded to voicemail. the person you are trying to reach is not available. at the tone, please reco"
a70f820f-95a6-4468-a735-4400a4941b03,False,no_match,"hello, yes?"
e636b009-4f4c-4ebd-a0ab-b27658b70ab0,False,no_match,i will call you later.
b5c5978a-8f2d-4e56-beda-7e4e92a554f3,False,no_match,"hello. yes, hello."
7f8784c6-d7e1-4f68-85bd-2d85a8693f19,False,no_match,"hello, word"
124410f0-aea9-4b00-b7ce-d22a7833b23f,False,no_match,तो hello?
12428a02-e27d-44af-9e78-f528b2739d0a,False,no_match,hello.
d8182e11-4717-4a1a-8eaf-42382c0af7e1,True,voicemail:'voicemail'~1.00,"voicemail. the person you are trying to reach is not available. at the tone, please record your message. when you have f"
c3e9c288-3234-4be8-a16f-abfa3cdfd1dd,False,no_match,hello.
c0d730ca-beeb-40fb-85f4-cf4409f9a661,False,no_match,call hello.
444eb3a9-4374-4883-be3c-a82a8b8ea9cf,True,voicemail:'the person you are trying to reach is not available'~1.00,the person you are trying to reach is not available. at the turn? please record your message. you have finished recordin
700f094f-878a-495b-a87e-253b8b0f7184,False,no_match,hello.
f8db2b2e-8358-4bac-931e-4736a64e63c7,False,no_match,hello अच्छा बोल
454824cb-39a3-43df-b496-8b850ae638d9,False,no_match,this call will be recorded.
14501e72-b542-4a9e-b23b-207db0b7a3f8,True,voicemail:'the person you are trying to reach is not available'~1.00,the person you are trying to reach is not available at the time please record your message. you have finished recording 
1b63353d-75c2-42af-9475-6623ef14667d,False,no_match,"yes, yeah i spoke to somebody, i come back. i spoke to somebody, i"
cb16e536-2c9e-4a79-b7de-cb7cdcde91e1,False,no_match,hello. yes
41d12b72-0119-4aa5-9526-68c1d785b67e,False,no_match,hello.
86276449-253e-466c-9771-fee36cd75a33,False,no_match,yes?
b165ef56-c283-491a-a72f-4e1a5893520a,False,no_match,speaking?
727675bc-fc7b-49ae-8c7f-f9fba4dac013,True,voicemail:'voicemail'~1.00,"voicemail. the person you are trying to reach is not available. at the turn, please record your message. when you have f"
50e34614-938d-44da-a4a5-1377070d3e1b,False,no_match,who is this?
3e07621a-bc08-4e8e-9833-7ead049c22dd,False,no_match,hello
00147336-d97b-460b-b02a-bc899cad057c,False,no_match,yes?
f5675371-c7e7-41e8-af57-06033c340ced,False,no_match,हां जी? hello? speaking ma'am.
c859a366-df38-459f-a38b-eef3b833f8ee,False,no_match,who is this
25b824a5-1064-402c-9f60-4934d7d09c64,True,voicemail:'voicemail'~1.00,your call has been forwarded in voicemail. person you are trying to reach is not available. at the turn? please record y
48aa46e6-4140-451d-b49d-62fc4368e1fd,False,no_match,hello? hello
f1a47bb7-4604-4948-b7dc-71962594a742,True,voicemail:'voice mail'~1.00,"your call has been forwarded to voice mail. the person you are trying to reach is not available at the tone, please reco"
bf0b6d0b-e57d-4b56-b1b1-941155a457f4,False,no_match,yes?
97355d87-cfd8-4bf0-978c-eb17bcef9767,True,voicemail:'voice mail'~1.00,hi you reach my voice mail as i am not available to take your call. in case the things is important to leave a message. 
32a7ddd8-7256-4f18-b492-39377d79d3c9,False,no_match,your call has hello.
ab02d848-7cef-4d3e-8ba2-9a84afaa72d4,True,voicemail:'voicemail'~1.00,call has been forwarded to voicemail. the person you are trying to reach is not available. at the turn? please record yo
facc59e6-05a9-4afa-852b-46744bcba211,False,no_match,hello. yeah who is this?
ba73e940-1e72-4ff8-bc15-ec99ad2b7849,False,no_match,hello.
17d2a799-9faa-48d1-a34a-aaa7e5feb3e1,False,no_match,hello hello hello? बस ai generator.
fb1c0d80-cf93-49e4-b9a6-4c4ef182cd5f,False,no_match,उस पीछे
2534a913-7f6b-4761-bb41-3b552e69f64e,False,no_match,hello
b82a7bbc-179d-440d-a154-8634d2fd9f46,False,no_match,hello. yes?
24662cf1-d9d9-4720-b907-0ee5f46262d2,True,voicemail:'voice mail'~1.00,your call has been forwarded to voice mail. the person you are trying to reach is not available. at the turn? please rec
02c0375a-e57a-482a-a951-617b38a716b8,True,voicemail:'voicemail'~1.00,"your call has been forwarded to voicemail. the person you're trying to reach is not available at the tone, please record"
030ad290-eb24-4651-adbe-29f233ba7425,False,no_match,"hello? yes हां, thank you."
23abb52c-d485-45c6-9cfa-ff54ee26f523,False,no_match,"hello,"
ddb73ebc-0f59-4363-897f-92ad464a9448,True,voicemail:'voicemail'~1.00,voicemail. the person you are trying to reach is not available. at the turn? please record your message. when you have f
1bbf2d99-4651-47f3-8e5e-bf7a41879864,False,no_match,hello. गाड़ी कैसी है?
6a29723f-3583-47c1-85e3-d30cc999a9f1,False,no_match,hello.
da20c653-fce1-4d1e-8bbb-3a5094d56f3e,False,no_match,yes?
54f369ae-630f-40e0-8449-35f824d5656c,True,voicemail:'please leave a message'~0.75,"you have made choice now, please leave hello."
f1335131-e555-4978-882c-616527c010fa,False,no_match,hello. yes?
c3f6348f-8f55-4553-b92e-5d059479d3cb,False,no_match,hello.
03543744-7f16-4fd6-857e-0d0df6c69e72,False,no_match,hello?
36681aa8-63d3-4054-90e2-9d378bea1aed,True,voicemail:'voicemail'~1.00,your call has been forwarded to voicemail.
f83a07ac-dc79-4c0a-91da-d4cc6b328bd9,True,voicemail:'voicemail'~1.00,your call has been forwarded to voicemail. the person you are trying to reach is not available. at the tone please recor
aaf7629e-378c-424e-97f9-67753a098ac4,True,voicemail:'the person you are trying to reach is not available'~1.00,"the person you are trying to reach is not available. at the tone, please record your message. you have finished recordin"
a1625f22-1756-4cc0-96b6-345fa0f1c82d,False,no_match,yes? i am not interested in your program. thank you. please close us.
ad130a15-0744-4ea5-bf45-2a9867d4b480,False,no_match,"yeah, but this was the right time. can you sit later?"
4a51218a-5685-43c3-8e0f-36705ad96660,False,no_match,hello yes.
837184e6-4161-47e3-bc65-870b0c53f086,False,no_match,hello?
bd1cb4e0-8672-4f3b-b4f8-93bed866ed9c,True,voicemail:'the person you are trying to reach is not available'~1.00,"the person you are trying to reach is not available. at the turn, please record your message. when you have finished rec"
9add1b39-b0f7-4a5d-80ee-e74fed53635d,True,voicemail:'the person you are trying to reach is not available'~1.00,your call has been forwarded to voice now. the person you are trying to reach is not available. at the turn? please reco
5a6d4dd9-4846-45f7-a4f6-5287d5767f5e,False,no_match,अनूप
59593739-2f3e-43e9-9447-b1fbba6dcd0f,False,no_match,hello. yes? hello?
123926fe-d665-44f7-b94d-fd43870ad900,False,no_match,can i call you back later? i'm meeting. if you don't mind. say eleven o'clock
3584514d-bf32-43fb-ac9f-a7bee46e20d9,False,no_match,"sorry,"
02dabe43-2070-4875-b9fe-c852e9f98b47,False,no_match,hello.
8a295e33-cdc9-4906-b7f6-0dc71c60c49f,False,no_match,सिर्फ
bad1fcde-c6a5-4390-ba7c-e0b06a548c6a,False,no_match,hello? yes
3fb7d91f-a877-41a9-af36-0b6c7a3bf635,False,no_match,hello. क्या आप private से हो?
abb43335-deae-499f-82d8-9aba5410271a,False,no_match,"hello? hello, yes,"
908ee550-69e9-492b-b326-175ce5467ecf,False,no_match,हां hello
c0af0945-3d61-4183-a66a-ad9bb0321f74,True,voicemail:'voicemail'~1.00,"voicemail. the person you are trying to reach is not available. at the turn, please record your message. when you have f"
3f449da2-861d-427e-8c01-1031324fe2e7,False,no_match,hello? yeah who is there? not interested thank you.
770c96af-e1d5-4d8d-8931-8acf750e4068,False,no_match,hello. बाहर
49b735f1-d51c-461c-81c9-a70959ea3df6,True,voicemail:'voice mail'~1.00,"your call has been forwarded to voice mail. the person you are trying to reach is not available. at the turn, please rec"
43ce8c0d-7a63-46a7-b86a-7ef172ffd996,False,no_match,"no, please. i don't want to enroll now."
0c66ec6f-f49a-4f13-8ecc-94171739a23b,False,no_match,hello? no i don't need your help.
1a235a53-70b7-4c9d-96e0-82c29d7e7459,False,no_match,yes? मैं इधर the website got close to send me a whatsapp link.
0b0b885d-c8f1-4af9-b19b-e4916f773bc0,False,no_match,"hello, yes?"
d1fc1c93-b4ab-43c6-bda6-f406a76f07d3,True,voicemail:'your call has been forwarded to voicemail'~0.84,your call has been forwarded to voice hello hello.
7a6ab6aa-c4c8-4733-937e-d00c15251ece,False,no_match,yeah hello? hello. hello.
130f8129-0a8c-4b16-8291-59d38ee416f8,False,no_match,क्या?
6f077632-46e4-4c8d-a5af-882ca1d925c2,False,no_match,hello
531acffc-d9ea-47cf-aa50-ab02a0665809,True,voicemail:'voice mail'~1.00,"your call has been forwarded to voice mail. the person you are trying to reach is not available. at the tone, please rec"
0ac3ce4e-227d-4b8e-b5ed-c7e4a28525f6,False,no_match,yes?
a474171a-7761-42dd-af6e-71655222ee79,False,no_match,yes? tell me.
09c47262-35e6-4397-b5db-8376ad5c9ab2,True,voicemail:'voice mail'~1.00,voice mail. the person you are trying to reach is not available at the tone please record your message. when you have fi
24e90da1-84a6-4eef-9793-4fda357d43b9,False,no_match,hello. yes?
feb3e514-bccd-43bb-ba1e-b3084168a1bc,False,no_match,"hello, this call is now being recorded."
22dbe299-5e70-43ce-bd49-b023df24c455,False,no_match,hello? yes.
c57828c2-d6da-48a5-8f8a-0b649437ccd9,False,no_match,hello? yes?
31358f45-0884-4412-8f2c-eb6356899727,False,no_match,hello.
42c635dd-b72a-4530-8162-bab2b16c75b9,True,voicemail:'voicemail'~1.00,"your call has been forwarded to voicemail. the person you are trying to reach is not available. at the town, please reco"
a96a9865-ffee-4d46-858c-617ccae43ef2,False,no_match,hello
626da47e-c1e5-47fc-a1ae-11aa805beb0f,False,no_match,hello? yes? yes yes yes.
cad73d86-1e2a-474c-9267-a4e5cd36fbf5,False,no_match,hello. yeah yeah
1423c2ec-ea5c-42b5-bfb8-a05c7950ed9d,False,no_match,hello.
7fa2f725-96a8-43c0-82ca-164bf163d87a,False,no_match,can you call me a little bit later? up at twelve o'clock. ok. yes.
a5426f6b-ad59-4c35-a6ae-b490d2b475e9,False,no_match,hello. hello hello
be548e98-45a4-409e-8138-df7f0e68842a,True,voicemail:'the person you are trying to reach is not available'~1.00,"the person you are trying to reach is not available. at the turn, please record your message. when you have finished rec"
6c0e0d32-5d00-4552-a40b-1c6f5443f3fa,False,no_match,hello.
8d1b4d22-6f6a-486c-abe6-77ed5261b1f8,False,no_match,yes?
e3b7f866-0d31-48c8-af79-a5b56990266c,False,no_match,"हां जी, हां जी."
3230b43d-5ab1-41d5-a4de-d2022889b49a,False,no_match,hello. हां जी.
63a4b2ec-c34f-4749-884e-8e0c9f1e2c7b,True,voicemail:'the person you are trying to reach is not available'~1.00,the person you are trying to reach is not available at the tone please record your message when you have finished record
46f4fbee-cfc5-45ff-bf6c-d24550f9a035,False,no_match,you have to call me on tomorrow.
65506a25-304a-4005-adba-4f5e33d27799,False,no_match,hello. yes
bbd02aa5-afd6-4740-a2e7-38a30a0b149d,False,no_match,yes
b34ee947-a782-4669-848d-6f6b3bc61d35,False,no_match,hello? hello? क्या?
643d26bc-56fc-407f-91ee-c1064d34dc63,False,no_match,yes?
fc0cc9d6-6e2f-4f18-984f-77737e223cca,False,no_match,hello.
2353c979-da3b-4fcf-8201-97987bde6ada,False,no_match,who is calling? hello? i don't speak to ai agents. thank you.
f3668e0e-801a-4422-94f6-5044a815b558,False,no_match,hello
5efaf9cd-4c49-40a1-ad1f-7e7e0f7bc794,True,voicemail:'voice mail'~1.00,your call has been forwarded to voice mail. the person you are trying to reach is not available. at the tone. please rec
66348e5d-d8d1-43ec-9fa6-643ef2b185be,False,no_match,yeah?
56e991bb-a89f-4d05-a7f3-56972f43bb22,False,no_match,hello. उससे बोलिए बस अरे हम बात बहुत नहीं समझ पाए तुम. गई थी हिंदी नहीं समझ पाए
da06f475-75ef-4920-b4ba-ca6d9e89d6e7,True,voicemail:'the person you are trying to reach is not available'~1.00,the person you are trying to reach is not available. at the turn please record your message. when you have finished reco
6147c05d-b684-464f-9772-5194bc9c894e,False,no_match,देखने
28da5487-ba75-4b17-aaed-538b9c85552b,False,no_match,hello
fea0a08a-e49e-4a4a-998f-c34e7bf33c1d,False,no_match,hello?
ca21a010-bd3f-4e4a-9c77-637637775149,False,no_match,"yes,"
1674a4b0-0e49-4aa2-b456-8472279442fc,False,no_match,"hello हां yes,"
aaec6667-2abb-45c8-94f2-7fdb5d2cdb26,False,no_match,"hello? yes, speaking."
36399d54-92d8-4ff3-9d5b-1d1e9ea6c445,True,voicemail:'person you are trying to reach is not available'~1.00,person you are trying to reach is not available. at the turn? please record your message. you have finished recording yo
a26a7742-b6f8-4905-891f-f2bee7532ef5,False,no_match,hello हां बोलो ना.
ecbc1be2-12f0-48e4-927d-b5710f8ed79f,False,no_match,"hello, yes?"
fcd138e6-a1f4-4e43-944b-068c6add5525,False,no_match,yes?
71d62cb9-7ed6-4d8b-976c-3b18ea1b1734,False,no_match,"hello. no, this is कार्तिक."
2daf93b3-06d3-43cb-aa98-a0e14167ed5d,False,no_match,yes?
ddf5950d-fa6b-4c90-af65-e3eb861b2df4,False,no_match,"hello,"
e54c0b22-8f46-4a5d-850a-8c5c2de88dfb,False,no_match,यही?
b58a1eb1-c0cd-4dc8-9ad4-d95691fdcd79,False,no_match,hello.
525734e1-9425-4a92-9883-efb982f3a5f1,False,no_match,"क्या? हां,"
5ea171b2-93e9-4a37-a716-c13ab40575d3,False,no_match,yes?
971114f9-afbc-4fba-99bd-20260401e2ac,False,no_match,"yes, मुकेश?"
d4b43614-b213-4c25-9be4-3f3c9734d2f6,False,no_match,hello? yes? yes?
23312839-64a5-4908-a85f-6951a2701916,False,no_match,yes?
8eb18c6c-4c8a-445e-8a1d-939a191c81a1,False,no_match,hello.
83d83867-08d9-4c09-95ea-773a04aed3e8,False,no_match,"yes,"
7791c282-e9b0-4c53-8ca2-1a82297419cd,False,no_match,"hello? no no, i don't need anything, thank you so much."
1f1798e0-26ec-4b48-8d8b-cb93a3c86eca,False,no_match,"yes,"
508abeeb-4e4b-44ef-88f9-84ac5bc82e3d,False,no_match,hello? yes?
84c06f02-aa37-46e7-b11c-adada169f6d1,False,no_match,hello?
4c0e9185-8530-4255-9e8a-d58b9d031711,False,no_match,"yes,"
207599ee-5dc4-496e-a353-7975d883ced3,True,voicemail:'your call has been forwarded to voicemail'~0.95,your call has been forwarded to voice
dac44a4c-6bd8-4ab0-8391-a90f347f2519,True,voicemail:'voicemail'~1.00,"forwarded to voicemail. the person you are trying to reach is not available. at the town, please record your message. wh"
9f0f6c0b-c6c6-4e72-9521-0635389eaa32,False,no_match,just hello? hello
e7269ac9-92e0-4d28-98d9-dee70efd9f53,True,voicemail:'voicemail'~1.00,"call has been forwarded to voicemail. the person you're trying to reach is not available. at the turn, please record you"
38e9849e-84a5-4c38-9ad7-b912aa129e09,False,no_match,hello.
4a04a0e4-864f-4d73-a9e0-b47985eca803,False,no_match,hello
22666aaa-7a1d-4ae7-9ca6-c666a3d816ae,False,no_match,hello?
b1969eb4-e779-42f8-a687-2a86bf9544f2,False,no_match,yes.
049698ea-b27f-4054-a0c5-46cf006da20c,True,voicemail:'voicemail'~1.00,your call has been forwarded to voicemail. the person you are trying to reach is not available. at the tone. please reco
d0321e67-f387-462f-aabe-bcb0d96e13c7,False,no_match,"yes,"
7bd545af-38fe-46ef-9e45-2474979f059b,False,no_match,who is this?
3efeb7ce-bbfb-4493-9e73-4adc7b31fa98,True,voicemail:'voice mail'~1.00,"call has been forwarded to voice mail. the person you are trying to reach is not available. at the tone, please record y"
9d0e0528-8e08-4743-8eca-d96fb78e0b60,False,no_match,hello.
95d15c13-42fe-4a68-abe7-7630f3e1125c,False,no_match,hello. yes?
7646455b-ab67-4058-93f4-c5de7a862cc6,False,no_match,डाल yes?
255db1e2-306e-400b-b3a6-89ce491bd3e7,True,voicemail:'voicemail'~1.00,"being forwarded to voicemail. the person you are trying to reach is not available. at the turn, please record your messa"
cec8cd8e-7cc9-4648-923e-aa7686845c5e,False,no_match,hello? yes.
d3f6f33b-3131-4a9f-b207-2779251df984,False,no_match,hello. hello.
5ed51d2d-022a-4937-acf2-8536da67c86b,True,voicemail:'voicemail'~1.00,forwarded to voicemail. the person you are trying to reach is not available. at the tone. please record your message. wh
4096533e-ce18-41b1-8eee-51ef7a96124b,True,voicemail:'person you are trying to reach is not available'~1.00,person you are trying to reach is not available. at the time. please record your message. when you have finished recordi
bfdd5fa6-8e08-41fc-ae67-6fa950ada395,False,no_match,hello.
ffe87371-b5eb-4cfa-a447-dec05193e51e,False,no_match,"कल लेना, hello?"
2af7d958-b0ba-4e7e-b2b4-d9ee16f48ac9,False,no_match,hello?
7972bed0-c5b4-42dc-907d-69679c66f591,False,no_match,hello
75388812-3e61-449b-9bc4-77152aaee535,False,no_match,"yes,"
c750196d-cafe-4bc9-9ebb-e79b0c724742,False,no_match,"hello? yeah,"
ca976246-a430-419c-bc0e-9a0a1f677301,True,voicemail:'voicemail'~1.00,call has been forwarded to voicemail. the person you are trying to reach is not available. at the turn? please record yo
a0b0a5bd-394e-4d90-b923-648e79a83c97,False,no_match,"yes,"
5bb81470-c1bc-4e2e-bf91-592a688dbd01,False,no_match,"b,"
276f77e5-23f4-414a-9414-33d2fdd1c30a,False,no_match,hello. the person you are speaking with has put your call on hold.
7a2890ff-883d-4797-a201-9761c7d27b4e,False,no_match,hello
663ee5e6-9749-4324-9397-e40e95d40f15,True,voicemail:'voicemail'~1.00,voicemail. the person you are trying to reach is not available. at the time. please record your message. when you have f
93f28d12-02c6-4206-8308-3b9001a408f6,True,voicemail:'voicemail'~1.00,"your have been forwarded to voicemail. the person you are trying to reach is not available. at the turn, please record y"
4f8607e8-bd9e-46ba-9dcd-fc005b958f58,False,no_match,hello
4e21f031-8335-4909-a4b7-928a3c1c79f3,False,no_match,yes
3f45a818-7b46-4e4d-aff4-5fda592e7531,False,no_match,hello
13650268-f071-4104-8db5-2fe1eebbf2be,False,no_match,yeah? hello hello
e9489911-dbf1-4192-942d-ca42534a9311,True,voicemail:'the person you are trying to reach is not available'~1.00,the person you are trying to reach is not available. at the tone. please record your message. when you have finished rec
bf926cf5-2865-4cf9-ac24-56b9405175d5,False,no_match,hello.
036c3b78-87c0-4b6b-a393-5492b8dbba3a,False,no_match,"hello हां जी. hello. hello yeah yeah, ठीक है."
d3f75e03-0a23-40ea-88ea-af562b07b0d1,False,no_match,"hello, yes?"
e53b2a76-c379-48dd-8b7b-3f3f17d9a738,False,no_match,hello.
ab1d7985-19a4-4f5b-9427-90c73054fb34,True,voicemail:'the person you are trying to reach is not available'~1.00,the person you are trying to reach is not available. at the tone. please record your message. when you have finished rec
cf253ee4-ff08-41a4-8bf3-e67e8542a558,False,no_match,"yes,"
7657f533-5cb4-414e-b198-672ee714b7d2,False,no_match,yes
2d17258c-9498-45df-8248-b74e49566fed,False,no_match,hello.
a7d36716-25c5-4d5b-8607-263bc72d3592,False,no_match,"hello? yes,"
69450ae2-2afd-4c8a-bfae-ba5cbe25ec8e,True,voicemail:'voicemail'~1.00,"your call has voicemail. the person you are trying to reach is not available. at the turn, please record your message. w"
3f63e4cd-cf15-469b-a440-cfa5c4362c30,False,no_match,yes? yes speaking.
6d79ebae-9ce7-4566-8f26-0f87e81ad121,False,no_match,"yes, yes"
1a5e5aff-2dd5-4d3c-a991-9d0d90fcd09d,False,no_match,yes?
16411594-4f77-4d89-9c7d-5e94ff7051bc,False,no_match,"yes,"
1cf3f091-5897-4ee1-80c2-56c18a33dd7e,False,no_match,yes.
db14b4fa-34f7-4888-a95c-954e5b2a8681,False,no_match,s hello.
40320c70-869c-460e-9c05-53dffd595667,False,no_match,hello?
58591844-e795-47bf-aeca-3f407cbe1445,False,no_match,yes?
3c2bc815-4ed8-4f68-9c05-6abd99d2c6c1,False,no_match,yes
09ce0ae7-a3b5-4b08-8cff-a55c5b81d786,False,no_match,yes?
36655aec-f33e-4566-a0b7-a167c16fa138,True,voicemail:'please record your message'~1.00,at the tone please record your message. you have finished recording you may hang up.
6e30d0ff-5984-4c66-9259-ac5d928e44b7,False,no_match,hello?
44d06f7a-dd87-4b14-ae53-aa7fe55a849e,False,no_match,तब yes?
b49cc2ae-213a-48e6-8175-999eaefe990d,True,voicemail:'voicemail'~1.00,"call has been forwarded to voicemail. the person you are trying to reach is not available. at the turn, please record yo"
73f74169-e54e-48e8-8ae1-b1472f4c9131,False,no_match,hello. आप कहां से बात कर रहे हैं?
e00223da-c7aa-4edf-b7ed-5c1ea08a3f29,False,no_match,hello. hello?
00ea74a6-dbf8-44f4-9265-3ca7ae5ae309,False,no_match,yes?
6c5697b8-d42b-4add-92c8-2c6508796ef3,False,no_match,"i just hung up the phone, don't call me on phone. no, nothing."
250059d3-c831-4fd8-b4a8-84e97b7d512c,False,no_match,hello. yes.
6251e61c-b8cd-4c95-90fd-280aad2d226b,False,no_match,yes.
a8d3d775-6d21-4867-971e-cb876d71b4d5,False,no_match,hello
25c239a9-4752-488b-8cf1-b36886816635,True,voicemail:'voicemail'~1.00,"your call is to voicemail. the person you are trying to reach is not available. at the tone, please record your message."
42735a12-8bc7-405f-b328-2a0a676cd920,False,no_match,hello.
c1e5c1cc-373e-4461-85ff-56f6111f1bcd,True,voicemail:'please record your message'~1.00,is not available. at the turn please record your message. when you have finished recording you may hang up.
9c44d3c5-7ab3-4e54-aac2-4449de43e84b,False,no_match,hello.
149beb66-9e47-443b-ae9d-f0c8de21b9f6,False,no_match,where are you calling? already brought up calls.
67ca72e5-318e-4578-b3e9-c7f43af6070d,False,no_match,क्या? hello? yeah अथर्वे?
20367afc-e2f3-4454-b285-9595c453659f,True,voicemail:'voice mail'~1.00,"your call has been forwarded to voice mail. the person you are trying to reach is not available at the tone, please reco"
405ad43c-55fd-4697-bb47-4db6db4fd5dc,False,no_match,yes
89b4895c-74c0-4aa4-bb62-e052b62bd1e3,False,no_match,hello. yes.
3acb32b4-8929-4e68-acfd-fa48323dbf60,False,no_match,hello. hello
0ec1f740-07a0-418e-93fe-0f7def21c490,True,voicemail:'voice mail'~1.00,"your call are being forwarded to voice mail. the person you are trying to reach is not available. at the tone, please re"
72267e48-9e1c-49bf-b254-93515756f2c9,False,no_match,hello. yes.
512d242a-0e4c-4808-8c69-23721fc914bc,False,no_match,hello
4f596359-4da6-43a6-9b5b-40259bdd3313,True,voicemail:'voice mail'~1.00,your call has been forwarded to voice mail. the person you are trying to reach is not available. at the tone. please rec
5ef76325-d693-4337-ac74-216c78dc3b6a,True,voicemail:'voicemail'~1.00,call voicemail. the person you are trying to reach is not available. at the time? please record your message. when you h
3d5117a5-a641-4956-a342-0a7704210605,False,no_match,wrong number.
e3b9f96f-e4aa-4ec6-aaa3-00ccd6d1e291,False,no_match,hello. yeah?
83217c2f-3101-4985-b6f1-38ddbbec7f7e,False,no_match,hello? yes.
3e127d71-858e-4bfb-a67e-26c6d8fc9463,False,no_match,क्या?
9c4c224e-b3c1-423b-8e4d-004aa91508e3,True,voicemail:'the person you are trying to reach is not available'~1.00,over. your email. the person you are trying to reach is not available at the tone please record your message. when you h
434e2db0-e8b2-4c63-b101-6c22c6c28873,False,no_match,yes?
2b7270e2-bc8e-408c-89d4-48fe87805e7a,False,no_match,"हां, हां जी. था. एक minute. एक minute"
177d7f4a-051f-4d16-b9d2-3cdb94594cd6,True,voicemail:'voicemail'~1.00,your call is to voicemail. the person you are trying to reach is not available. at the tone. please record your message.
a3c99094-3089-4b6d-bf67-7c815e0b894f,False,no_match,hello.
f04d7530-3123-420d-b276-382989083843,False,no_match,yes?
2ef5b3ae-3fc5-47db-82c3-0c07669b21b1,False,no_match,yes?
cde50667-8979-4fac-9d97-309aeb1c5692,False,no_match,yes.
6ec56393-df99-4773-9536-a322077e316b,False,no_match,yes? this is?
f2ad1120-c98e-43db-9e52-73529ba2aeee,False,no_match,hello. company भाइयों. hello?
2a6410ae-0faf-45af-82bf-2129413bcd76,False,no_match,"yes,"
288a4c84-2825-4eb1-8404-ba34aeb64139,False,no_match,क्या?
d969a344-b0ee-4121-8e1d-a2421ada58cb,False,no_match,hello
576a22ac-b4e0-4dc0-951a-948ee3498444,False,no_match,yes
cf2ef98b-abd0-47aa-aa1b-0942fbfe8d83,False,no_match,hello. yes hello?
559784f1-4fba-4d08-b8ec-ba74ed6016a4,False,no_match,"yes,"
197eff32-9fb8-4ef4-a383-8d1d5b5bc915,False,no_match,जो
536574cf-05d6-4c57-a624-481ddf5ae2dc,False,no_match,"yes,"
ed4e8a07-6a17-48f5-bb82-6a260b33ffd0,False,no_match,yes?
7e6ab677-3742-41a8-8bb8-7425cb44b0a8,False,no_match,hello. yes may i know who is calling?
da75e252-67f0-4a8d-95a1-cf429495a837,True,voicemail:'the person you are trying to reach is not available'~1.00,"the person you are trying to reach is not available. at the turn, please record your message. when you have finished rec"
dea155cd-f127-4589-8ffe-df1ba2efbf1f,False,no_match,"hello,"
6f838782-6ab5-43e2-8b10-2edd7d8fd2ab,False,no_match,hello.
c88897e3-0d9d-4072-bc1f-220753a5a6cf,False,no_match,hello?
3f17a4de-45e5-4c75-b33a-b85ef3591ca2,False,no_match,hello.
d2dd0aa8-5219-421b-917e-0d6ade8fe8b7,False,no_match,hello hello
713d61fa-7cb2-4004-861c-cdffa5127f29,False,no_match,hello. hello?
fb6dc5bf-7b56-4e10-9def-f3cba455624a,False,no_match,please call me later.
f1603882-f78b-4bbf-a706-a78ff58004e7,True,voicemail:'the person you are trying to reach is not available'~1.00,"voice में हो? the person you are trying to reach is not available. at the turn, please record your message. when you hav"
a3b912e4-b4d5-49c1-abc3-687ff27c48e1,False,no_match,"hello. who is this? hello, no."
47e65d1e-5a1c-4aae-9a8c-0ac99d55b623,False,no_match,hello.
653de1b3-40eb-4c11-a51b-da8392cc87ab,True,voicemail:'voicemail'~1.00,"your call is in voicemail. the person you are trying to reach is not available. at the tone, please record your message."
180d1227-4083-4824-b8a0-390dad14f7c0,True,voicemail:'voicemail'~1.00,your call has been forwarded to voicemail. the person you are trying to reach is not available. at the tone. please reco
328b3c6a-a8bb-4d09-b269-0fe6d09cba79,True,voicemail:'voice mail'~1.00,"your voice mail. the person you are trying to reach is not available. at the tone, please record your message. when you "
a1f1651b-1e02-4ed7-b4b3-b453a0436430,False,no_match,hello. yeah tell me.
ebb6870f-5b14-414b-899d-1312d134a5f0,True,voicemail:'voicemail'~1.00,your call has been forwarded to voicemail. the person you are trying to reach is not available. at the tone please recor
adb975b9-cc7a-41b8-b654-22cdf9fdc58a,False,no_match,hello? yes.
921d0d57-2d34-4f71-bda6-43dc78ed25fa,True,voicemail:'voicemail'~1.00,your call has been forwarded to voicemail. the person you are trying to reach is not available. at the turn? please reco
c7419199-d392-4f55-b7a8-038afc0b9770,False,no_match,hello. हां सो ठीक है. अरे बोल रहा हूं. हैं? वह hotel में अंदर मुझे भूल रहा एक पुराने वाले
f70d7f5d-4d88-46df-9abb-ebe032eb5948,False,no_match,"hello. अरे wait,"
92c1bf6f-5c3b-48cb-bc69-b8680241b514,False,no_match,yes?
672a2b93-e951-4328-b1e7-28586b7e9fbb,False,no_match,"yes,"
9c7267a7-a4ba-4bf5-89c5-1a0de5e27845,False,no_match,yes?
5ccf9118-7f37-4fd1-9efa-02d41ed70c36,True,voicemail:'voicemail'~1.00,voicemail. person you are trying to reach is not available. at the turn. please record your message. when you have recor
288b0c41-9f75-4192-b7ed-f11352b5680a,False,no_match,hello.
fbbfd645-4e34-4308-bb4a-c784faf31800,False,no_match,hello. yes? i know who is this?
e395c811-2ad2-4ebb-b00f-0753d15c7f70,False,no_match,hello? जी.
6af223c0-f561-4e72-b4e4-8f8e9fb957cf,True,voicemail:'voicemail'~1.00,"your call has been forwarded to voicemail. the person you are trying to reach is not available. at the tone, please reco"
355d2bc6-4cfe-4ac6-b4c4-9b02c938b9e3,False,no_match,"yes? i'll connect you later as i'm having, i'm little occupied with some other work. right now. thank you."
d6613eb1-bac1-48da-90a3-ca79dc72af19,False,no_match,hello.
cd402a2f-7a0f-4e81-a09f-d231dc866d5f,False,no_match,hello?
7985237a-2322-455d-8be6-902fa86e9576,False,no_match,"yes,"
fd413eb5-bdc3-4eb6-ab64-124747608983,False,no_match,क्या बात आ रही है
269fbaee-6a10-4895-87d8-6c817705cbe7,False,no_match,yes? as of now i can't talk we'll talk to you later. thank you.
2501bd94-6db6-480a-8fd8-ffb6b5343c69,True,voicemail:'voice mail'~1.00,"your call are being forwarded to voice mail. the person you are trying to reach is not available. at the tone, please re"
6fe598b3-8c8a-482f-812b-09cf827aad6d,False,no_match,hello
c42ee15c-6664-4d74-8e94-73a7f4624adb,True,voicemail:'voicemail'~1.00,"your call is forwarded to voicemail. the person you are trying to reach is not available. at the tone, please record you"
fe2409d6-40e0-47e9-8edd-0231df289d64,False,no_match,"yes,"
00031634-197b-4088-bebe-29e162eb705a,False,no_match,yes?
05cfac9d-1c10-48f3-81fd-fe8d7158369b,False,no_match,hello.
1896a1ea-51c1-48fa-9184-bad595b833d0,False,no_match,hello
361c7a3e-f0b4-40bd-b46b-3582ce32e80e,True,voicemail:'voice mail'~1.00,your call to voice mail. the person you are trying to reach is not available. at the tone please record your message. wh
2d76d598-d969-4847-8b25-da98ec959d15,False,no_match,"hello,"
19362f58-781a-4733-b053-8ae6fa37ace1,True,voicemail:'voicemail'~1.00,voicemail. the person you are trying to reach is not available. at the turn? please record your message. when you have f
699649cc-bfd1-437a-b06d-d0ef8b6d1884,False,no_match,"thanks for calling वैभव. in a few short words, how may we help you? ok, please hold. i'll be right with you. i'm sorry, "
ac7492a1-c4c5-47af-9c19-3e8ffb9df1d0,True,voicemail:'voicemail'~1.00,your call has been forwarded to voicemail. person you are trying to reach is not available.
5af0ed3a-5f89-4a9f-a359-6dd80d3709e3,True,voicemail:'person you are trying to reach is not available'~1.00,"voice में हो? person you are trying to reach is not available. at the turn, please record your message. when you have fi"
4b9a402f-0535-4533-ae3a-49b5be858bc0,False,no_match,hello?
c5ba0546-53ca-4be9-bafa-97526faa313b,False,no_match,who is that?
49cbd36c-9e38-4b7d-9222-80ae84dfd4f5,True,voicemail:'voicemail'~1.00,voicemail. the person you are trying to reach is not available.
ef75ac30-0a40-43f7-8893-e6f7bfe9b7bc,False,no_match,hello? hello yes?
d00ca27e-8df7-48c7-84b7-6d87c7cb081b,False,no_match,hello.
24b05822-24aa-4960-8c73-e194062ef45d,False,no_match,can i speak to you later?
46d271db-60ad-47d1-b7cf-32b762c25901,False,no_match,yeah hello?
a8af9f30-336f-4796-9473-f57c294f59d0,False,no_match,"hello, yes"
ccece0be-333e-401c-915c-946c5f610c75,False,no_match,"आप जिस number पर call कर रहे हैं, वह अस्थायी रूप से सेवा"
82bfbd26-37d6-4651-99cd-d1c3938283da,True,voicemail:'voicemail'~1.00,"your call have been forwarded to voicemail. the person you are trying to reach is not available. at the turn, please rec"
b2318214-6366-4ff6-afa0-d5c780366a89,False,no_match,yes.
2d8b0b3c-f2cb-47b5-aa12-54c6061b982d,False,no_match,yes?
586d1b1c-5edf-43cd-8f88-47055f6f2f4a,False,no_match,hello? hello yes?
beae781f-f9ac-4b07-b8ea-13e890de4c83,True,voicemail:'the person you are trying to reach is not available'~1.00,"the person you are trying to reach is not available. at the town, please record your message. you have finished recordin"
ca320668-e9f8-4a1b-91e5-b87211c6e172,False,no_match,hello?
39be4d77-6b92-4f2a-867c-72d6e315271c,False,no_match,"yes,"
d0a02732-1173-41a0-b920-a6494b85e480,False,no_match,hello? hello?
0d1f31ef-7878-4f1a-b348-a24757fc7e6d,False,no_match,hello. hello.
c195029f-4132-4dd3-87b0-a06d5c48fc42,True,voicemail:'voicemail'~1.00,"your call has been forwarded to voicemail. the person you are trying to reach is not available. at the turn, please reco"
00d84292-b110-4224-ab00-035bdfccecd8,False,no_match,no.
eaec7c99-dc28-4c3b-8358-2f059dfe4fc0,False,no_match,yes you speak with रोहन.
1d144461-f983-4f47-886d-a95f4e37c6ca,False,no_match,hello. yes
4b5aa454-c164-44cb-ad4c-0403d1081eb8,True,voicemail:'voicemail'~1.00,"your call has been forwarded to voicemail. the person you are trying to reach is not available. at the turn, please reco"
3c23f27e-a7c2-4269-a239-f9fb11870e62,False,no_match,hello? yes?
949d2471-a960-428a-89d6-31a7b1f1cc90,False,no_match,"yes,"
06e11fa2-9426-4cce-9a7e-122b8d655531,True,voicemail:'voicemail'~1.00,"your call has been forwarded to voicemail. the person you are trying to reach is not available. at the turn, please reco"
177f11ce-3933-40b8-be87-8fb7978af3db,False,no_match,hello? yes.
1b462023-1ab5-4431-b48b-3721f8aa2b0a,False,no_match,"elevate now. yes, क्या nano plan क्या है बिना?"
24e68c86-293f-4516-bbff-81910279b318,False,no_match,hello? yes.
8b996b9f-808e-4cef-9b8c-9ff224dd32dc,False,no_match,"ok. no no no no no, वीणा is not coming today, i will be there. yeah. two o'clock, right? i do reach by? yeah. ok. ok."
fd080c34-aec3-47a9-9fab-09554f567dca,True,voicemail:'the person you are trying to reach is not available'~1.00,the person you are trying to reach is not available. at the turn please record your message. when you have finished reco
899fa303-eda7-430a-9b75-1bc0b50d0768,False,no_match,no.
869372bb-3e85-41df-b81b-1d55d32af023,False,no_match,"yes,"
8d789d24-2f71-45ee-b56c-f1560c7971d5,True,voicemail:'voicemail'~1.00,you are calling for voicemail. the person you are trying to reach is not available. at the town please record your messa
aa519cc3-1312-4bd8-a816-1b1f074294da,False,no_match,"yes,"
4ef475f8-d3fe-40db-8883-b614d4dc1094,False,no_match,"hello, hello"
e587a494-f16d-45f1-aa97-26eed68a93c5,False,no_match,hello hello
baf6cdca-2156-435f-956e-2cf64b29e9fc,False,no_match,hello.
e2b72277-b10c-4131-b70a-0bd90612c68a,False,no_match,hello? hello? hello hello hello नौ मामले में.
1524eead-61d9-47f0-b158-be281153e1de,False,no_match,call yes?
cbbf29e2-907e-4b2c-9fd8-8606539ba1ea,False,no_match,hello.
04ed1d1f-442b-49ba-804a-e64302a6d1a1,False,no_match,"hello, hello?"
5e41ab93-3aad-492d-ba68-4240bae22a07,False,no_match,"hello,"
64edd06a-a692-4a92-91d1-d5de91bf9b25,True,voicemail:'voice mail'~1.00,your call has been to voice mail. the person you are trying to reach is not available. at the tone. please record your m
4c8b00e1-7fc1-4fc0-8828-4bd40208f3c2,False,no_match,hello? yeah?
2d6b2653-0673-4496-bcfe-776ad6ab87f0,False,no_match,the recipient's mail box is full. please try again later.
2c9f87e4-1401-4586-ab15-f3943b9e7039,False,no_match,"yes,"
23ea26e4-9ca3-4708-8617-890a313bdd95,False,no_match,can you please not call me?
6c4c0052-7709-4ff2-a1fd-51d477de325c,False,no_match,"hello, hello"
592e9265-5359-427f-b11b-980f716b8676,False,no_match,hello.
344fae62-594a-440e-b775-a9fc008256e4,False,no_match,hello hello hello yes
0ce8fcb2-e1ea-4aa3-81b8-f449c2a4852b,False,no_match,yes?
25461b07-14ab-468f-820e-c162a14e8ff0,False,no_match,hello
e282679b-f40f-47df-afb4-ca830ee8ec15,True,voicemail:'the person you are trying to reach is not available'~1.00,"the person you are trying to reach is not available. at the tone, please record your message. when you have finished rec"
2ba0e058-aef5-48d6-97b3-887cb67ba6dc,False,no_match,yes?
ec688311-fa05-4a09-9ef3-d14bd6b8cabb,False,no_match,hello. hello
36625b8c-371c-4f1a-b318-7b3f3a8380d1,True,voicemail:'the person you are trying to reach is not available'~1.00,"the person you are trying to reach is not available. at the time, please record your message. you have finished recordin"
7ceca6af-bbdc-45c9-b093-27c1dd03c535,False,no_match,hello. hello?
f02ae6bd-417f-4915-8576-b9141e80d870,False,no_match,after an hour i'm driving at the moment.
5c5bce47-6c08-4905-ae7f-10328eb35260,True,voicemail:'voicemail'~1.00,"your call has been forwarded to voicemail. the person you are trying to reach is not available. at the tone, please reco"
9be7a426-e952-4994-9ff0-72f0c648cd1c,False,no_match,"hello. actually i am not interested, right? so what is the you are calling?"
6fee1149-dba5-49dc-96eb-8839008a1c94,True,voicemail:'voice mail'~1.00,call has been forwarded to voice mail. the person you are trying to reach is not available. at the tone. please record y
204505d9-ee52-44ec-8a92-7eab1d3d7e75,True,voicemail:'voicemail'~1.00,your call be forwarded to voicemail. the person you are trying to reach is not available. at the tone. please record you
a1b3f863-24aa-4a61-b308-17ccf97c322e,False,no_match,hello. yeah?
4aca04f0-b9a6-4a64-bb4f-b7299b25ce66,True,voicemail:'the person you are trying to reach is not available'~1.00,the person you are trying to reach is not available. at the tone. please record your message. when you have finished rec
9324319a-745f-4b79-9248-f77fc662c696,False,no_match,yes?
5c72a351-ddad-4f72-aabc-ad8b99345c63,False,no_match,yes?
5c93d263-6137-4b42-a78c-f602595e19e8,False,no_match,am i
2d0cb97c-d6ba-4e91-806e-6a2763bd6407,False,no_match,yes.
cd079992-0498-413f-baf3-c3aade043cb7,True,voicemail:'person you are trying to reach is not available'~1.00,"person you are trying to reach is not available. at the tone. please record your message. you have finished recording, y"
0298063e-22fc-4495-b44b-c1c66e3defa4,True,voicemail:'voice mail'~1.00,"your course is forwarded to voice mail. the person you are trying to reach is not available. at the tone, please record "
4eb47abe-1b02-45fb-9dcd-c313edca5834,False,no_match,hello hello hello
b2a82378-88ea-46c2-bb8f-abb53750de94,False,no_match,yes
3b707009-4238-4147-b327-3b492b6316a3,False,no_match,yes
3116f640-ea4d-4072-8df1-a8c2e2adf99a,True,voicemail:'voice mail'~1.00,"being forwarded to voice mail. the person you are trying to reach is not available. at the tone, please record your mess"
d6876596-89a5-4bd1-b1f5-f179d1bb3263,False,no_match,hello
942cad67-6b25-4252-935d-558c1e3e1210,False,no_match,hello? sorry बोल रही
f7d56106-973b-4f8a-b5b2-d4852ec9e96f,False,no_match,hello?
27c77ca6-9728-4843-94b0-2841253bc59e,False,no_match,hello?
0c87deb5-b776-4039-a3dd-193af957c5a0,False,no_match,"yes,"
b95f1ae5-80e9-46c1-bde7-4a66767f480b,True,voicemail:'voicemail'~1.00,your call has been forwarded to voicemail. the person you are trying to reach is not available. at the tone please recor
d31fd8a4-86a3-4e78-8603-bf2c623d5770,False,no_match,hello? हम सभी दिनों में संक्रमित नहीं हैं. लेकिन मेरी.
a4c35beb-6f45-477e-abea-95c5bd4e6323,False,no_match,who's this?
5a3db149-43a5-40c6-a76a-3959584dfb51,False,no_match,हां जी.
58a2e031-5f19-4652-901c-208163bd0d3f,False,no_match,no.
994d60b3-0f98-4a25-aa90-f2c25447145f,True,voicemail:'voicemail'~1.00,"यह call is to voicemail. the person you are trying to reach is not available. at the town, please record your message. w"
d885de90-21ec-4d0f-b5b5-0a548e303dce,False,no_match,hello. hello.
f06815b1-9112-4d59-babc-4bc114e99302,False,no_match,no.
09d83e26-003a-4ece-959f-6e5687e97db7,False,no_match,no.
07281945-5779-4fc5-8c12-3b275ca87615,False,no_match,hello. the person you are speaking with has put your call on hold. please stay on the line.
51383382-adec-4693-a969-a9fc0ce5b8a9,False,no_match,"hello. no,"
02097088-3aa1-477e-b92b-e6e538eb0c61,False,no_match,hello?
6638704b-f7e5-46db-9965-73e5b7da4015,False,no_match,hello?
c96e6376-08a9-4c6b-82c1-7ad6069c6906,True,voicemail:'the person you are trying to reach is not available'~1.00,"your the person you are trying to reach is not available. at the turn, please record your message. when you have finishe"
bd9c036b-86fc-4be8-af24-9e0896020885,False,no_match,hello.
284fbdca-d24b-44c9-818d-ad9c5ea283c2,False,no_match,"yes,"
d72d68b6-d670-46d1-8483-110d062f4fdc,False,no_match,hello.
a2eb848e-93a8-452b-95c7-76d0acb93528,False,no_match,yes? हां बोलिए.
56f10bfb-4bbc-413f-9fca-b245936f8b10,False,no_match,yes
43716687-985c-4a8c-82c1-cc4d43ed974d,True,voicemail:'the person you are trying to reach is not available'~1.00,the person you are trying to reach is not available. at the tone. please record your message. when you have finished rec
1d4fc381-982c-430c-b476-b65e5dc2f882,False,no_match,hello. yes?
7ffa8aad-f0ae-47f7-aa76-03870c045e4b,True,voicemail:'voicemail'~1.00,your call voicemail. the person you are trying to reach is not available. at the turn? please record your message. when 
f377d4af-2ba7-477b-976a-e412d0420a88,False,no_match,"yes,"
91e36b68-83e2-471a-b846-c5bd7fcf2c7e,True,voicemail:'the person you are trying to reach is not available'~1.00,"voice में the person you are trying to reach is not available. at the turn, please record your message. when you have fi"
62973465-578d-469e-81f3-0f0f43a500b2,False,no_match,hello. yes.
b1ea1edd-f272-4072-b152-0a6ef9ee652a,False,no_match,hello hello hello patient आ गया.
5b06926f-c980-499b-a04a-0793382769e5,False,no_match,yes
9505380d-4932-4109-a0d0-826984c3e433,False,no_match,"yes,"
b341f1ec-157a-4d9a-bc43-2f78ebf60268,False,no_match,yeah.
b6368f99-320d-4ec2-ae48-c2072bfce46c,False,no_match,hello?
68d794b7-8831-442c-9d79-2af81009a9c1,True,voicemail:'voicemail'~1.00,"your call has been forwarded to voicemail. the person you are trying to reach is not available. at the turn, please reco"
9abd58fc-dbab-49c8-80a3-bf8cafb7ea46,False,no_match,hello.
fe9a59b0-1ab2-42f7-ad45-cd6b1f04bd60,False,no_match,yes?
02940d76-5459-4d8a-a2e6-530f6ad080de,False,no_match,"hello, who is this?"
aa9edc1e-78cb-4d28-99b1-d5da09a85c79,False,no_match,hello. hello
a54130d4-c464-465a-9c61-e9930a493813,False,no_match,hello? yes?
